Workbook

Sheet Recovered_Sheet1

Sheet 000000

Sheet ปร.4
J3: หน้าที่ 1/1
A4: แบบฟอร์มแสดงรายการ ปริมาณงาน และราคางานจ้างเหมาก่อสร้างท่อร้อยสายสื่อสารใต้ดินและบ่อพัก (BOQ) | J4: แบบ ปร.4
A5: ส่วนงาน ส่วนวิศวกรรมท่อร้อยสาย (วทฐฐ.) ฝ่ายท่อร้อยสาย (ทฐฐ.)
A6: บัญชีราคา งานจ้างเหมาก่อสร้างท่อร้อยสายสื่อสารใต้ดินและบ่อพัก | C6: โครงการ | D6: ปรับปรุงระบบจำหน่ายไฟฟ้าเป็นเคเบิลใต้ดิน
A7: เส้นทาง | B7: บริเวณเขตพื้นที่เทศบาลเมืองตะพานหิน อ.ตะพานหิน | C7: พื้นที่ก่อสร้าง | D7: ชส.ตะพานหิน จ.พิจิตร | J7: หน่วย : บาท
A9: ลำดับที่ | B9: รายการ | C9: ปริมาณงาน | D9: หน่วย | E9: ค่าวัสดุ ไม่รวมภาษีมูลค่าเพิ่ม (1) | G9: ค่าแรง ไม่รวมภาษีมูลค่าเพิ่ม (2) | I9: ค่างานต้นทุน | J9: หมายเหตุ
E10: ราคา/หน่วย | F10: จำนวนเงิน | G10: ราคา/หน่วย | H10: จำนวนเงิน | I10: (3)=(1)+(2)
A11: 1 | B11: งานวางท่อ 1-Ø1½" PVC กลบทราย | D11: ม. | E11: 316 | F11: =C11*E11 -> 0 | G11: 199 | H11: =C11*G11 -> 0 | I11: =F11+H11 -> 0
A12: 2 | B12: งานวางท่อ 1-Ø3" PVC กลบทราย | D12: ม. | E12: 395 | F12: =C12*E12 -> 0 | G12: 212 | H12: =C12*G12 -> 0 | I12: =F12+H12 -> 0
A13: 3 | B13: งานวางท่อ 2-Ø3" PVC กลบทราย (Main Duct) | D13: ม. | E13: 519 | F13: =C13*E13 -> 0 | G13: 256 | H13: =C13*G13 -> 0 | I13: =F13+H13 -> 0
A14: 4 | B14: งานวางท่อ 2-Ø3" PVC กลบทราย (Riser) | D14: ม. | E14: 519 | F14: =C14*E14 -> 0 | G14: 256 | H14: =C14*G14 -> 0 | I14: =F14+H14 -> 0
A15: 5 | B15: งานดันท่อลอด 1-Ø110 มม. HDPE PE80 PN10 (HDD) | D15: ม. | E15: 2426 | F15: =C15*E15 -> 0 | G15: 588 | H15: =C15*G15 -> 0 | I15: =F15+H15 -> 0
A16: 6 | B16: งานดันท่อลอด 2-Ø110 มม. HDPE PE80 PN10 (HDD) (Main Duct) | D16: ม. | E16: 2596 | F16: =C16*E16 -> 0 | G16: 630 | H16: =C16*G16 -> 0 | I16: =F16+H16 -> 0
A17: 7 | B17: งานสร้างบ่อพักย่อย (PB) JUF-6 ฝาค.ส.ล. 2 ฝา | D17: บ่อ | E17: 15527 | F17: =C17*E17 -> 0 | G17: 4494 | H17: =C17*G17 -> 0 | I17: =F17+H17 -> 0
A18: 8 | B18: งานสร้างบ่อพักย่อย (PB) JUF-6 ฝาเหล็ก 2 ฝา | D18: บ่อ | E18: 24583 | F18: =C18*E18 -> 0 | G18: 4978 | H18: =C18*G18 -> 0 | I18: =F18+H18 -> 0
A19: 9 | B19: งานปักเสาสื่อสารคอนกรีตเสริมเหล็ก ขนาด 8.00 ม. | D19: ต้น | E19: 2755 | F19: =C19*E19 -> 0 | G19: 851 | H19: =C19*G19 -> 0 | I19: =F19+H19 -> 0
A20: 10 | B20: งานสร้างท่อโค้ง 2-Ø3" GIP ขึ้นเสา ตามแบบมาตรฐานเลขที่ 152 | D20: จุด | E20: 6735 | F20: =C20*E20 -> 0 | G20: 1299 | H20: =C20*G20 -> 0 | I20: =F20+H20 -> 0
A21: 11 | B21: งานสร้างเสา STEEL POLE กัลวาไนต์ ขนาด 3"x3" ยาว 2.20 ม. | D21: ต้น | E21: 3832 | F21: =C21*E21 -> 0 | G21: 906 | H21: =C21*G21 -> 0 | I21: =F21+H21 -> 0
A22: 12 | B22: งานสร้างท่อโค้ง RISER SERVICE 1-Ø50 มม. HDPE PE80 PN8 0.3 ม. | D22: ชุด | E22: 661 | F22: =C22*E22 -> 0 | G22: 80 | H22: =C22*G22 -> 0 | I22: =F22+H22 -> 0
... A29: 19 | B29: งานทุบถนนผิวแอสฟัลต์ | D29: ตร.ม. | E29: 0 | F29: =C29*E29 -> 0 | G29: 267 | H29: =C29*G29 -> 0 | I29: =F29+H29 -> 0
E31: 0 | F31: =C31*E31 -> 0 | G31: 0
B32: ผลรวมค่างานต้นทุนงานก่อสร้างท่อร้อยสายสื่อสารใต้ดินฯ | F32: =SUM(F11:F31) -> 0 | H32: =SUM(H11:H31) -> 0 | I32: =SUM(I11:I31) -> 0
A34: เงื่อนไข | B34: Factor F งานก่อสร้างทาง, เงินล่วงหน้าจ่าย 0.00%, เงินประกันผลงานหัก 0.00%, ดอกเบี้ยเงินกู้ 7.00% ต่อปี, ค่าภาษีมูลค่าเพิ่ม 7.00%
A35: ข้อกำหนด | B35: รายการพร้อมปริมาณงานที่แสดงไว้เป็นวัตถุประสงค์สำคัญของแบบและขอบเขตงาน รวมทั้งเป็นส่วนหนึ่งของสัญญาห้ามแก้ไขก่อนได้รับการอนุมัติ
A36: หมายเหตุ | B36: ทั้งนี้ ราคางานโครงการ/งานก่อสร้าง ไม่ใช่ราคาค่าก่อสร้างที่แท้จริง แต่เป็นราคาโดยประมาณเท่านั้น

Sheet ปร.5(ก)สรุปค่าก่อสร้าง=1  (2)
O2: หน้าที่ 1/1
A3: แบบฟอร์ม สรุปรวมบัญชีราคาค่าจ้างเหมาก่อสร้างท่อร้อยสายสื่อสารใต้ดินและบ่อพัก | O3: ปร.5 (ก)
A4: ส่วนงาน ส่วนวิศวกรรมท่อร้อยสาย (วทฐฐ.) ฝ่ายท่อร้อยสาย (ทฐฐ.)
A5: ชื่อโครงการ/งานก่อสร้าง | D5: =ปร.4!D6 -> ปรับปรุงระบบจำหน่ายไฟฟ้าเป็นเคเบิลใต้ดิน
A6: พื้นที่ก่อสร้าง เส้นทาง | D6: =ปร.4!B7 -> บริเวณเขตพื้นที่เทศบาลเมืองตะพานหิน อ.ตะพานหิน | J6: =ปร.4!D7 -> ชส.ตะพานหิน จ.พิจิตร
A7: หน่วยงานเจ้าของโครงการ/งานก่อสร้าง บริษัท โทรคมนาคมแห่งชาติ จำกัด (มหาชน)
A8: แบบ ปร. 4 ที่แนบ | D8: มีจำนวน 1 หน้า
A9: ประมาณราคา เมื่อวันที่
A10: ลำดับที่ | B10: รายการ | L10: ราคาค่างานต้นทุน | M10: Factor F ระหว่างช่วงค่างานต้นทุนรวม | N10: ราคางานก่อสร้างแต่ละเส้นทาง | O10: หมายเหตุ
B11: ค่าก่อสร้างงานท่อร้อยสายสื่อสารใต้ดินและงานอื่น ๆ
B12: โครงการ | C12: =D5 -> ปรับปรุงระบบจำหน่ายไฟฟ้าเป็นเคเบิลใต้ดิน
A13: 1 | B13: เส้นทาง | C13: =ปร.4!B7 -> บริเวณเขตพื้นที่เทศบาลเมืองตะพานหิน อ.ตะพานหิน | I13: =J6 -> ชส.ตะพานหิน จ.พิจิตร | L13: =ปร.4!I32 -> 0
E19: ราคาค่างานต้นทุนรวม ลำดับ 1 = (1) | L19: =L13 -> 0
E20: Factor F ระหว่างช่วงค่างานต้นทุนรวม (2) | L20: 1.1702
D21: เงินรวมราคางานก่อสร้างทั้งโครงการ/งานก่อสร้าง ก่อนภาษี (1) x (2) = (3) | L21: =L19*L20 -> 0
B24: จำนวนเงินเป็นตัวอักษร ( | E24: =(BAHTTEXT(L21)) -> ศูนย์บาทถ้วน | K24: )
A25: เงื่อนไข | B25: Factor F งานก่อสร้างทาง, เงินล่วงหน้าจ่าย 0.00%, เงินประกันผลงานหัก 0.00%, ดอกเบี้ยเงินกู้ 7.00% ต่อปี, ค่าภาษีมูลค่าเพิ่ม 7.00%
B26: งานก่อสร้างหลายงานในโครงการเดียวกัน ให้เอาค่างานต้นทุนทั้งโครงการมารวมกันแล้วหาค่า F ของแต่ละหลักเกณฑ์การก่อสร้าง
A27: หมายเหตุ | B27: ทั้งนี้ ราคางานโครงการ/งานก่อสร้าง ไม่ใช่ราคาค่าก่อสร้างที่แท้จริง แต่เป็นราคาโดยประมาณเท่านั้น
B39: ค่างาน (ทุน) ล้านบาท | D39: รวมในรูป Factor
B40: 10 | D40: 1.2258
B41: 20 | D41: 1.1714
B43: ค่างานต้นทุนของงานจ้างครั้งนี้ เป็นเงิน | E43: =B10 -> รายการ | F43: บาท
B44: อยู่ระหว่างช่วงของค่างานต้นทุนที่กําหนด ดังนั้น
B46: ค่างานต้นทุน | D46: A | E46: =L19 -> 0
D47: A | E47: =L19 -> 0
D48: B | E48: 10000000
D49: C | E49: 20000000
D50: D | E50: =D40 -> 1.2258
D51: E | E51: =D41 -> 1.1714
B52: ค่า Factor F ของค่างานต้นทุน A = D - [(D-E) x (A-B)/(C-B)]
C53: Factor | D53: = | E53: =TRUNC(E50-((E50-E51)*(E47-E48)/(E49-E48)),4) -> 1.2802

Sheet ปร.6 (สรุป N! รวม)=1 (2)
N2: หน้าที่ 1/1
A3: แบบฟอร์ม สรุปรวมบัญชีประมาณราคา งานจ้างเหมาก่อสร้างท่อร้อยสายสื่อสารใต้ดินและบ่อพัก ทั้งโครงการ | N3: ปร.6
A4: ส่วนงาน ส่วนวิศวกรรมท่อร้อยสาย (วทฐฐ.) ฝ่ายท่อร้อยสาย (ทฐฐ.)
A5: ชื่อโครงการ/งานก่อสร้าง | D5: =ปร.4!D6 -> ปรับปรุงระบบจำหน่ายไฟฟ้าเป็นเคเบิลใต้ดิน
A6: พื้นที่ก่อสร้าง | D6: =ปร.4!B7 -> บริเวณเขตพื้นที่เทศบาลเมืองตะพานหิน อ.ตะพานหิน | F6: =ปร.4!D7 -> ชส.ตะพานหิน จ.พิจิตร
A7: หน่วยงานเจ้าของโครงการ/งานก่อสร้าง บริษัท โทรคมนาคมแห่งชาติ จำกัด (มหาชน)
A8: แบบ ปร.4 จำนวน 1 หน้า, ปร.5 (ก) จำนวน 1 หน้า และ ปร.6 จำนวน 1 หน้า
A9: ประมาณราคา เมื่อวันที่
N10: หน่วย : บาท
A11: ลำดับที่ | B11: รายการ | M11: ค่างานก่อสร้าง | N11: หมายเหตุ
A12: 1 | B12: ค่างานก่อสร้างท่อร้อยสายสื่อสารใต้ดินและงานอื่นๆ, (ปร.4) | M12: ='ปร.5(ก)สรุปค่าก่อสร้าง=1 (2)'!L21 -> 0
A17: สรุป | G17: (1) ราคาก่อสร้างทั้งโครงการ/งานก่อสร้าง ก่อนภาษี | M17: =M12 -> 0
G18: (2) ภาษีมูลค่าเพิ่ม 7 % | M18: =M17*0.07 -> 0
G19: (3) = (1) + (2) รวมค่าก่อสร้างทั้งโครงการ/งานก่อสร้าง เป็นเงินทั้งสิ้น | M19: =M17+M18 -> 0
B20: จำนวนเงินรวมทั้งสิ้น ( | E20: =BAHTTEXT(M19) -> ศูนย์บาทถ้วน | M20: )
A21: เงื่อนไข | B21: Factor F งานก่อสร้างทาง, เงินล่วงหน้าจ่าย 0.00%, เงินประกันผลงานหัก 0.00%, ดอกเบี้ยเงินกู้ 7.00% ต่อปี, ค่าภาษีมูลค่าเพิ่ม 7.00%
A22: หมายเหตุ | B22: ทั้งนี้ ราคางานโครงการ/งานก่อสร้าง ไม่ใช่ราคาค่าก่อสร้างที่แท้จริง แต่เป็นราคาโดยประมาณเท่านั้น
